repo_name,easy_file,hard_file
apereo/cas,support/cas-server-support-oidc/src/main/java/org/apereo/cas/oidc/config/OidcConfiguration.java,core/cas-server-core-authentication-api/src/main/java/org/apereo/cas/authentication/handler/support/AbstractUsernamePasswordAuthenticationHandler.java
apereo/cas,support/cas-server-support-oidc/src/main/java/org/apereo/cas/oidc/config/OidcConfiguration.java,support/cas-server-support-person-directory/src/main/java/org/apereo/cas/config/CasPersonDirectoryConfiguration.java
apereo/cas,support/cas-server-support-oidc-core-api/src/main/java/org/apereo/cas/oidc/util/OidcRequestSupport.java,support/cas-server-support-account-mgmt/src/main/java/org/apereo/cas/config/CasAccountManagementWebflowConfiguration.java
apereo/cas,support/cas-server-support-dynamodb-service-registry/src/main/java/org/apereo/cas/services/DynamoDbServiceRegistryFacilitator.java,support/cas-server-support-person-directory/src/main/java/org/apereo/cas/config/CasPersonDirectoryConfiguration.java
apereo/cas,support/cas-server-support-dynamodb-service-registry/src/main/java/org/apereo/cas/services/DynamoDbServiceRegistryFacilitator.java,core/cas-server-core-authentication-api/src/main/java/org/apereo/cas/authentication/handler/support/AbstractUsernamePasswordAuthenticationHandler.java
apereo/cas,support/cas-server-support-gauth-dynamodb/src/main/java/org/apereo/cas/gauth/token/GoogleAuthenticatorDynamoDbTokenRepositoryFacilitator.java,support/cas-server-support-account-mgmt/src/main/java/org/apereo/cas/config/CasAccountManagementWebflowConfiguration.java
apereo/cas,support/cas-server-support-gauth-dynamodb/src/main/java/org/apereo/cas/gauth/credential/DynamoDbGoogleAuthenticatorTokenCredentialRepositoryFacilitator.java,support/cas-server-support-account-mgmt/src/main/java/org/apereo/cas/config/CasAccountManagementWebflowConfiguration.java
cojen/Tupl,src/main/java/org/cojen/tupl/rows/BaseTable.java,src/main/java/org/cojen/tupl/rows/IndexSelector.java
cojen/Tupl,src/main/java/org/cojen/tupl/rows/ReverseTable.java,src/main/java/org/cojen/tupl/rows/IndexSelector.java
apache/jena,jena-arq/src/main/java/org/apache/jena/riot/writer/JsonLD11Writer.java,jena-core/src/main/java/org/apache/jena/util/JenaXMLInput.java
igvteam/igv,src/main/java/org/broad/igv/feature/IGVFeature.java,src/main/java/org/broad/igv/track/FeatureTrack.java
igvteam/igv,src/main/java/org/broad/igv/feature/IGVFeature.java,src/main/java/org/broad/igv/track/TrackLoader.java
web3j/web3j,abi/src/main/java/org/web3j/abi/FunctionReturnDecoder.java,crypto/src/main/java/org/web3j/crypto/Sign.java
web3j/web3j,abi/src/main/java/org/web3j/abi/FunctionReturnDecoder.java,codegen/src/main/java/org/web3j/codegen/SolidityFunctionWrapper.java
apache/camel,dsl/camel-java-joor-dsl/src/main/java/org/apache/camel/dsl/java/joor/MultiCompile.java,dsl/camel-jbang/camel-jbang-core/src/main/java/org/apache/camel/dsl/jbang/core/commands/Bind.java
apache/camel,dsl/camel-jbang/camel-jbang-core/src/main/java/org/apache/camel/dsl/jbang/core/commands/FatJar.java,dsl/camel-jbang/camel-jbang-core/src/main/java/org/apache/camel/dsl/jbang/core/commands/Bind.java
apache/camel,dsl/camel-jbang/camel-jbang-core/src/main/java/org/apache/camel/dsl/jbang/core/commands/AbstractSearch.java,components/camel-kafka/src/main/java/org/apache/camel/component/kafka/KafkaFetchRecords.java
opencadc/reg,cadc-vosi/src/main/java/ca/nrc/cadc/vosi/Availability.java,cadc-vosi/src/main/java/ca/nrc/cadc/vosi/avail/CheckWebService.java
jpaulm/drawfbp,src/main/java/com/jpaulmorrison/graphics/VersionAndTimestamp.java,src/main/java/com/jpaulmorrison/graphics/DrawFBP.java
jpaulm/drawfbp,src/main/java/com/jpaulmorrison/graphics/VersionAndTimestamp.java,src/main/java/com/jpaulmorrison/graphics/Block.java
Peergos/Peergos,src/peergos/server/storage/S3BlockStorage.java,src/peergos/server/Builder.java
Peergos/Peergos,src/peergos/server/simulation/PeergosFileSystemImpl.java,src/peergos/server/cli/CLI.java
nickbattle/vdmj,lsp/src/main/java/dap/DAPServer.java,lsp/src/main/java/vdmj/LSPDefinitionFinder.java
nickbattle/vdmj,lsp/src/main/java/dap/DAPServer.java,lsp/src/main/java/lsp/Utils.java
nickbattle/vdmj,lsp/src/main/java/dap/DAPServer.java,lsp/src/main/java/vdmj/LSPDefinitionLocationFinder.java
nickbattle/vdmj,lsp/src/main/java/workspace/DAPWorkspaceManager.java,lsp/src/main/java/vdmj/LSPDefinitionLocationFinder.java
nickbattle/vdmj,lsp/src/main/java/workspace/DAPWorkspaceManager.java,lsp/src/main/java/vdmj/LSPDefinitionFinder.java
nickbattle/vdmj,lsp/src/main/java/workspace/DAPWorkspaceManager.java,lsp/src/main/java/lsp/Utils.java
AsamK/signal-cli,lib/src/main/java/org/asamk/signal/manager/Manager.java,lib/src/main/java/org/asamk/signal/manager/storage/SignalAccount.java
AsamK/signal-cli,src/main/java/org/asamk/signal/dbus/DbusManagerImpl.java,lib/src/main/java/org/asamk/signal/manager/storage/SignalAccount.java
AsamK/signal-cli,lib/src/main/java/org/asamk/signal/manager/helper/GroupHelper.java,lib/src/main/java/org/asamk/signal/manager/storage/SignalAccount.java
AsamK/signal-cli,lib/src/main/java/org/asamk/signal/manager/helper/ProfileHelper.java,lib/src/main/java/org/asamk/signal/manager/storage/SignalAccount.java
AsamK/signal-cli,lib/src/main/java/org/asamk/signal/manager/helper/StorageHelper.java,lib/src/main/java/org/asamk/signal/manager/storage/SignalAccount.java
AsamK/signal-cli,lib/src/main/java/org/asamk/signal/manager/helper/IncomingMessageHandler.java,lib/src/main/java/org/asamk/signal/manager/storage/SignalAccount.java
AgriCraft/AgriCraft,src/main/java/com/infinityraider/agricraft/reference/Names.java,src/main/java/com/infinityraider/agricraft/plugins/jei/AgriRecipeCategoryProduce.java
AgriCraft/AgriCraft,src/main/java/com/infinityraider/agricraft/reference/Names.java,src/main/java/com/infinityraider/agricraft/plugins/jei/JeiPlugin.java
AgriCraft/AgriCraft,src/main/java/com/infinityraider/agricraft/reference/Names.java,src/main/java/com/infinityraider/agricraft/content/core/ItemCropSticks.java
AgriCraft/AgriCraft,src/main/java/com/infinityraider/agricraft/reference/Names.java,src/main/java/com/infinityraider/agricraft/render/blocks/BlockGreenHouseAirRenderer.java
AgriCraft/AgriCraft,src/main/java/com/infinityraider/agricraft/reference/Names.java,src/main/java/com/infinityraider/agricraft/plugins/jei/AgriRecipeCategoryClipping.java
AgriCraft/AgriCraft,src/main/java/com/infinityraider/agricraft/reference/Names.java,src/main/java/com/infinityraider/agricraft/content/world/GreenHouse.java
AgriCraft/AgriCraft,src/main/java/com/infinityraider/agricraft/reference/Names.java,src/main/java/com/infinityraider/agricraft/content/core/ItemDynamicAgriSeed.java
AgriCraft/AgriCraft,src/main/java/com/infinityraider/agricraft/reference/Names.java,src/main/java/com/infinityraider/agricraft/content/core/TileEntitySeedAnalyzer.java
AgriCraft/AgriCraft,src/main/java/com/infinityraider/agricraft/reference/Names.java,src/main/java/com/infinityraider/agricraft/plugins/jei/AgriRecipeCategoryMutation.java
AgriCraft/AgriCraft,src/main/java/com/infinityraider/agricraft/reference/Names.java,src/main/java/com/infinityraider/agricraft/plugins/jei/AgriRecipeCategoryGrowthRequirements.java
AgriCraft/AgriCraft,src/main/java/com/infinityraider/agricraft/reference/Names.java,src/main/java/com/infinityraider/agricraft/render/plant/AgriGenomeRenderer.java
AgriCraft/AgriCraft,src/main/java/com/infinityraider/agricraft/reference/AgriToolTips.java,src/main/java/com/infinityraider/agricraft/plugins/jei/AgriRecipeCategoryMutation.java
AgriCraft/AgriCraft,src/main/java/com/infinityraider/agricraft/reference/AgriToolTips.java,src/main/java/com/infinityraider/agricraft/plugins/jei/AgriRecipeCategoryClipping.java
AgriCraft/AgriCraft,src/main/java/com/infinityraider/agricraft/reference/AgriToolTips.java,src/main/java/com/infinityraider/agricraft/content/core/TileEntitySeedAnalyzer.java
AgriCraft/AgriCraft,src/main/java/com/infinityraider/agricraft/reference/AgriToolTips.java,src/main/java/com/infinityraider/agricraft/plugins/jei/AgriRecipeCategoryGrowthRequirements.java
AgriCraft/AgriCraft,src/main/java/com/infinityraider/agricraft/reference/AgriToolTips.java,src/main/java/com/infinityraider/agricraft/content/world/GreenHouse.java
AgriCraft/AgriCraft,src/main/java/com/infinityraider/agricraft/reference/AgriToolTips.java,src/main/java/com/infinityraider/agricraft/plugins/jei/AgriRecipeCategoryProduce.java
AgriCraft/AgriCraft,src/main/java/com/infinityraider/agricraft/reference/AgriToolTips.java,src/main/java/com/infinityraider/agricraft/content/core/ItemCropSticks.java
AgriCraft/AgriCraft,src/main/java/com/infinityraider/agricraft/reference/AgriToolTips.java,src/main/java/com/infinityraider/agricraft/render/blocks/BlockGreenHouseAirRenderer.java
AgriCraft/AgriCraft,src/main/java/com/infinityraider/agricraft/reference/AgriToolTips.java,src/main/java/com/infinityraider/agricraft/plugins/jei/JeiPlugin.java
AgriCraft/AgriCraft,src/main/java/com/infinityraider/agricraft/reference/AgriToolTips.java,src/main/java/com/infinityraider/agricraft/content/core/ItemDynamicAgriSeed.java
AgriCraft/AgriCraft,src/main/java/com/infinityraider/agricraft/reference/AgriToolTips.java,src/main/java/com/infinityraider/agricraft/render/plant/AgriGenomeRenderer.java
AgriCraft/AgriCraft,src/main/java/com/infinityraider/agricraft/impl/v1/AgriValidatorImpl.java,src/main/java/com/infinityraider/agricraft/content/core/ItemCropSticks.java
AgriCraft/AgriCraft,src/main/java/com/infinityraider/agricraft/impl/v1/AgriValidatorImpl.java,src/main/java/com/infinityraider/agricraft/content/core/ItemDynamicAgriSeed.java
AgriCraft/AgriCraft,src/main/java/com/infinityraider/agricraft/impl/v1/AgriValidatorImpl.java,src/main/java/com/infinityraider/agricraft/content/core/TileEntitySeedAnalyzer.java
AgriCraft/AgriCraft,src/main/java/com/infinityraider/agricraft/impl/v1/AgriValidatorImpl.java,src/main/java/com/infinityraider/agricraft/plugins/jei/AgriRecipeCategoryClipping.java
AgriCraft/AgriCraft,src/main/java/com/infinityraider/agricraft/impl/v1/AgriValidatorImpl.java,src/main/java/com/infinityraider/agricraft/render/blocks/BlockGreenHouseAirRenderer.java
AgriCraft/AgriCraft,src/main/java/com/infinityraider/agricraft/impl/v1/AgriValidatorImpl.java,src/main/java/com/infinityraider/agricraft/render/plant/AgriGenomeRenderer.java
AgriCraft/AgriCraft,src/main/java/com/infinityraider/agricraft/impl/v1/AgriValidatorImpl.java,src/main/java/com/infinityraider/agricraft/content/world/GreenHouse.java
AgriCraft/AgriCraft,src/main/java/com/infinityraider/agricraft/impl/v1/AgriValidatorImpl.java,src/main/java/com/infinityraider/agricraft/plugins/jei/AgriRecipeCategoryProduce.java
AgriCraft/AgriCraft,src/main/java/com/infinityraider/agricraft/impl/v1/AgriValidatorImpl.java,src/main/java/com/infinityraider/agricraft/plugins/jei/AgriRecipeCategoryMutation.java
AgriCraft/AgriCraft,src/main/java/com/infinityraider/agricraft/impl/v1/AgriValidatorImpl.java,src/main/java/com/infinityraider/agricraft/plugins/jei/JeiPlugin.java
AgriCraft/AgriCraft,src/main/java/com/infinityraider/agricraft/impl/v1/AgriValidatorImpl.java,src/main/java/com/infinityraider/agricraft/plugins/jei/AgriRecipeCategoryGrowthRequirements.java
AgriCraft/AgriCraft,src/main/java/com/infinityraider/agricraft/api/v1/content/IAgriContent.java,src/main/java/com/infinityraider/agricraft/plugins/jei/AgriRecipeCategoryProduce.java
AgriCraft/AgriCraft,src/main/java/com/infinityraider/agricraft/api/v1/content/IAgriContent.java,src/main/java/com/infinityraider/agricraft/content/core/TileEntitySeedAnalyzer.java
AgriCraft/AgriCraft,src/main/java/com/infinityraider/agricraft/api/v1/content/IAgriContent.java,src/main/java/com/infinityraider/agricraft/plugins/jei/AgriRecipeCategoryMutation.java
AgriCraft/AgriCraft,src/main/java/com/infinityraider/agricraft/api/v1/content/IAgriContent.java,src/main/java/com/infinityraider/agricraft/render/plant/AgriGenomeRenderer.java
AgriCraft/AgriCraft,src/main/java/com/infinityraider/agricraft/api/v1/content/IAgriContent.java,src/main/java/com/infinityraider/agricraft/content/core/ItemCropSticks.java
AgriCraft/AgriCraft,src/main/java/com/infinityraider/agricraft/api/v1/content/IAgriContent.java,src/main/java/com/infinityraider/agricraft/plugins/jei/AgriRecipeCategoryClipping.java
AgriCraft/AgriCraft,src/main/java/com/infinityraider/agricraft/api/v1/content/IAgriContent.java,src/main/java/com/infinityraider/agricraft/content/core/ItemDynamicAgriSeed.java
AgriCraft/AgriCraft,src/main/java/com/infinityraider/agricraft/api/v1/content/IAgriContent.java,src/main/java/com/infinityraider/agricraft/content/world/GreenHouse.java
AgriCraft/AgriCraft,src/main/java/com/infinityraider/agricraft/api/v1/content/IAgriContent.java,src/main/java/com/infinityraider/agricraft/render/blocks/BlockGreenHouseAirRenderer.java
AgriCraft/AgriCraft,src/main/java/com/infinityraider/agricraft/api/v1/content/IAgriContent.java,src/main/java/com/infinityraider/agricraft/plugins/jei/AgriRecipeCategoryGrowthRequirements.java
AgriCraft/AgriCraft,src/main/java/com/infinityraider/agricraft/api/v1/content/IAgriContent.java,src/main/java/com/infinityraider/agricraft/plugins/jei/JeiPlugin.java
AgriCraft/AgriCraft,src/main/java/com/infinityraider/agricraft/content/AgriStructureRegistry.java,src/main/java/com/infinityraider/agricraft/plugins/jei/JeiPlugin.java
AgriCraft/AgriCraft,src/main/java/com/infinityraider/agricraft/content/AgriStructureRegistry.java,src/main/java/com/infinityraider/agricraft/plugins/jei/AgriRecipeCategoryProduce.java
AgriCraft/AgriCraft,src/main/java/com/infinityraider/agricraft/content/AgriStructureRegistry.java,src/main/java/com/infinityraider/agricraft/content/world/GreenHouse.java
AgriCraft/AgriCraft,src/main/java/com/infinityraider/agricraft/content/AgriStructureRegistry.java,src/main/java/com/infinityraider/agricraft/content/core/TileEntitySeedAnalyzer.java
AgriCraft/AgriCraft,src/main/java/com/infinityraider/agricraft/content/AgriStructureRegistry.java,src/main/java/com/infinityraider/agricraft/render/blocks/BlockGreenHouseAirRenderer.java
AgriCraft/AgriCraft,src/main/java/com/infinityraider/agricraft/content/AgriStructureRegistry.java,src/main/java/com/infinityraider/agricraft/plugins/jei/AgriRecipeCategoryGrowthRequirements.java
AgriCraft/AgriCraft,src/main/java/com/infinityraider/agricraft/content/AgriStructureRegistry.java,src/main/java/com/infinityraider/agricraft/plugins/jei/AgriRecipeCategoryMutation.java
AgriCraft/AgriCraft,src/main/java/com/infinityraider/agricraft/content/AgriStructureRegistry.java,src/main/java/com/infinityraider/agricraft/content/core/ItemDynamicAgriSeed.java
AgriCraft/AgriCraft,src/main/java/com/infinityraider/agricraft/content/AgriStructureRegistry.java,src/main/java/com/infinityraider/agricraft/plugins/jei/AgriRecipeCategoryClipping.java
AgriCraft/AgriCraft,src/main/java/com/infinityraider/agricraft/content/AgriStructureRegistry.java,src/main/java/com/infinityraider/agricraft/content/core/ItemCropSticks.java
AgriCraft/AgriCraft,src/main/java/com/infinityraider/agricraft/content/AgriStructureRegistry.java,src/main/java/com/infinityraider/agricraft/render/plant/AgriGenomeRenderer.java
AgriCraft/AgriCraft,src/main/java/com/infinityraider/agricraft/impl/v1/requirement/GrowthReqInitializer.java,src/main/java/com/infinityraider/agricraft/content/world/greenhouse/GreenHouseProperties.java
AgriCraft/AgriCraft,src/main/java/com/infinityraider/agricraft/impl/v1/requirement/GrowthReqInitializer.java,src/main/java/com/infinityraider/agricraft/content/core/BlockCrop.java
AgriCraft/AgriCraft,src/main/java/com/infinityraider/agricraft/impl/v1/requirement/GrowthReqInitializer.java,src/main/java/com/infinityraider/agricraft/content/world/greenhouse/GreenHousePart.java
AgriCraft/AgriCraft,src/main/java/com/infinityraider/agricraft/impl/v1/requirement/GrowthReqInitializer.java,src/main/java/com/infinityraider/agricraft/content/world/greenhouse/GreenHouse.java
AgriCraft/AgriCraft,src/main/java/com/infinityraider/agricraft/impl/v1/requirement/GrowthReqInitializer.java,src/main/java/com/infinityraider/agricraft/capability/CapabilityGreenHouseParts.java
GreenDelta/olca-app,olca-app/src/org/openlca/app/tools/openepd/export/ExportDialog.java,olca-app/src/org/openlca/app/editors/epds/Upload.java
GreenDelta/olca-app,olca-app/src/org/openlca/app/tools/openepd/export/ResultSection.java,olca-app/src/org/openlca/app/editors/epds/Upload.java
freeplane/freeplane,freeplane/src/main/java/org/freeplane/view/swing/features/time/mindmapmode/nodelist/NodeList.java,freeplane/src/main/java/org/freeplane/features/ui/FrameController.java
pepstock-org/Charba,src/org/pepstock/charba/client/ml/NativeLinearRegression.java,src/org/pepstock/charba/client/ml/RegressionDatasetBuilder.java
pepstock-org/Charba,src/org/pepstock/charba/client/ml/NativeLinearRegression.java,src/org/pepstock/charba/client/ml/BaseRegression.java
workcraft/workcraft,workcraft/CircuitPlugin/src/org/workcraft/plugins/circuit/CircuitSettings.java,workcraft/CircuitPlugin/src/org/workcraft/plugins/circuit/utils/ResetUtils.java
workcraft/workcraft,workcraft/CircuitPlugin/src/org/workcraft/plugins/circuit/CircuitSettings.java,workcraft/CircuitPlugin/src/org/workcraft/plugins/circuit/interop/VerilogImporter.java
langurmonkey/gaiasky,core/src/gaiasky/scenegraph/Particle.java,core/src/gaiasky/script/EventScriptingInterface.java
langurmonkey/gaiasky,core/src/gaiasky/scenegraph/Particle.java,core/src/gaiasky/scenegraph/octreewrapper/AbstractOctreeWrapper.java
langurmonkey/gaiasky,core/src/gaiasky/scenegraph/CelestialBody.java,core/src/gaiasky/script/EventScriptingInterface.java
langurmonkey/gaiasky,core/src/gaiasky/scenegraph/CelestialBody.java,core/src/gaiasky/scenegraph/octreewrapper/AbstractOctreeWrapper.java
bozimmerman/CoffeeMud,com/planet_ink/coffee_mud/Libraries/MUDZapper.java,com/planet_ink/coffee_mud/core/database/MOBloader.java
bozimmerman/CoffeeMud,com/planet_ink/coffee_mud/Libraries/interfaces/MaskingLibrary.java,com/planet_ink/coffee_mud/core/database/MOBloader.java
hartwigmedical/hmftools,cuppa/src/main/java/com/hartwig/hmftools/cup/CupAnalyser.java,cuppa/src/main/java/com/hartwig/hmftools/cup/rna/AltSjClassifier.java
hartwigmedical/hmftools,cuppa/src/main/java/com/hartwig/hmftools/cup/CuppaRefFiles.java,cuppa/src/main/java/com/hartwig/hmftools/cup/rna/AltSjClassifier.java
hartwigmedical/hmftools,cuppa/src/main/java/com/hartwig/hmftools/cup/ref/RefDataConfig.java,cuppa/src/main/java/com/hartwig/hmftools/cup/rna/AltSjClassifier.java
hartwigmedical/hmftools,cuppa/src/main/java/com/hartwig/hmftools/cup/ref/RefDataBuilder.java,cuppa/src/main/java/com/hartwig/hmftools/cup/rna/AltSjClassifier.java
hartwigmedical/hmftools,isofox/src/main/java/com/hartwig/hmftools/isofox/fusion/ReadGroup.java,cuppa/src/main/java/com/hartwig/hmftools/cup/rna/AltSjClassifier.java
hartwigmedical/hmftools,isofox/src/main/java/com/hartwig/hmftools/isofox/BamFragmentReader.java,cuppa/src/main/java/com/hartwig/hmftools/cup/rna/AltSjClassifier.java
hartwigmedical/hmftools,isofox/src/main/java/com/hartwig/hmftools/isofox/common/ReadRecord.java,cuppa/src/main/java/com/hartwig/hmftools/cup/rna/AltSjClassifier.java
hartwigmedical/hmftools,isofox/src/main/java/com/hartwig/hmftools/isofox/fusion/FusionRead.java,cuppa/src/main/java/com/hartwig/hmftools/cup/utils/CuppaCompare.java
hartwigmedical/hmftools,isofox/src/main/java/com/hartwig/hmftools/isofox/fusion/FusionUtils.java,cuppa/src/main/java/com/hartwig/hmftools/cup/rna/AltSjClassifier.java
hartwigmedical/hmftools,cuppa/src/main/java/com/hartwig/hmftools/cup/somatics/SomaticsCommon.java,cuppa/src/main/java/com/hartwig/hmftools/cup/utils/CuppaCompare.java
hartwigmedical/hmftools,isofox/src/main/java/com/hartwig/hmftools/isofox/fusion/FusionConfig.java,cuppa/src/main/java/com/hartwig/hmftools/cup/rna/AltSjClassifier.java
hartwigmedical/hmftools,isofox/src/main/java/com/hartwig/hmftools/isofox/fusion/FusionFinder.java,cuppa/src/main/java/com/hartwig/hmftools/cup/rna/AltSjClassifier.java
hartwigmedical/hmftools,isofox/src/main/java/com/hartwig/hmftools/isofox/fusion/FusionWriter.java,cuppa/src/main/java/com/hartwig/hmftools/cup/rna/AltSjClassifier.java
hartwigmedical/hmftools,isofox/src/main/java/com/hartwig/hmftools/isofox/GeneCollectionReader.java,cuppa/src/main/java/com/hartwig/hmftools/cup/utils/CuppaCompare.java
hartwigmedical/hmftools,isofox/src/main/java/com/hartwig/hmftools/isofox/fusion/ChimericStats.java,cuppa/src/main/java/com/hartwig/hmftools/cup/rna/AltSjClassifier.java
hartwigmedical/hmftools,cuppa/src/main/java/com/hartwig/hmftools/cup/somatics/GenomicPositions.java,cuppa/src/main/java/com/hartwig/hmftools/cup/utils/CuppaCompare.java
hartwigmedical/hmftools,isofox/src/main/java/com/hartwig/hmftools/isofox/common/GeneRegionFilters.java,cuppa/src/main/java/com/hartwig/hmftools/cup/utils/CuppaCompare.java
hartwigmedical/hmftools,isofox/src/main/java/com/hartwig/hmftools/isofox/fusion/FusionTaskManager.java,cuppa/src/main/java/com/hartwig/hmftools/cup/rna/AltSjClassifier.java
hartwigmedical/hmftools,isofox/src/main/java/com/hartwig/hmftools/isofox/fusion/HardFilteredCache.java,cuppa/src/main/java/com/hartwig/hmftools/cup/utils/CuppaCompare.java
hartwigmedical/hmftools,isofox/src/main/java/com/hartwig/hmftools/isofox/adjusts/FragmentSizeCalcs.java,cuppa/src/main/java/com/hartwig/hmftools/cup/rna/AltSjClassifier.java
Geforce132/SecurityCraft,src/main/java/net/geforcemods/securitycraft/SecurityCraft.java,src/main/java/net/geforcemods/securitycraft/blocks/DisguisableBlock.java
Geforce132/SecurityCraft,src/main/java/net/geforcemods/securitycraft/SecurityCraft.java,src/main/java/net/geforcemods/securitycraft/blocks/PortableRadarBlock.java
Geforce132/SecurityCraft,src/main/java/net/geforcemods/securitycraft/SecurityCraft.java,src/main/java/net/geforcemods/securitycraft/util/ModuleUtils.java
Geforce132/SecurityCraft,src/main/java/net/geforcemods/securitycraft/SecurityCraft.java,src/main/java/net/geforcemods/securitycraft/blocks/InventoryScannerBlock.java
Geforce132/SecurityCraft,src/main/java/net/geforcemods/securitycraft/SecurityCraft.java,src/main/java/net/geforcemods/securitycraft/blocks/KeypadChestBlock.java
Geforce132/SecurityCraft,src/main/java/net/geforcemods/securitycraft/SecurityCraft.java,src/main/java/net/geforcemods/securitycraft/blocks/SecurityCameraBlock.java
Geforce132/SecurityCraft,src/main/java/net/geforcemods/securitycraft/SecurityCraft.java,src/main/java/net/geforcemods/securitycraft/blocks/mines/IMSBlock.java
Geforce132/SecurityCraft,src/main/java/net/geforcemods/securitycraft/SecurityCraft.java,src/main/java/net/geforcemods/securitycraft/screen/EditModuleScreen.java
Geforce132/SecurityCraft,src/main/java/net/geforcemods/securitycraft/SecurityCraft.java,src/main/java/net/geforcemods/securitycraft/screen/CustomizeBlockScreen.java
Geforce132/SecurityCraft,src/main/java/net/geforcemods/securitycraft/SecurityCraft.java,src/main/java/net/geforcemods/securitycraft/SCClientEventHandler.java
Geforce132/SecurityCraft,src/main/java/net/geforcemods/securitycraft/blocks/TrophySystemBlock.java,src/main/java/net/geforcemods/securitycraft/blocks/PortableRadarBlock.java
Geforce132/SecurityCraft,src/main/java/net/geforcemods/securitycraft/blocks/TrophySystemBlock.java,src/main/java/net/geforcemods/securitycraft/blocks/InventoryScannerBlock.java
Geforce132/SecurityCraft,src/main/java/net/geforcemods/securitycraft/blocks/TrophySystemBlock.java,src/main/java/net/geforcemods/securitycraft/util/ModuleUtils.java
Geforce132/SecurityCraft,src/main/java/net/geforcemods/securitycraft/blocks/TrophySystemBlock.java,src/main/java/net/geforcemods/securitycraft/blocks/KeypadChestBlock.java
Geforce132/SecurityCraft,src/main/java/net/geforcemods/securitycraft/blocks/TrophySystemBlock.java,src/main/java/net/geforcemods/securitycraft/blocks/DisguisableBlock.java
Geforce132/SecurityCraft,src/main/java/net/geforcemods/securitycraft/blocks/TrophySystemBlock.java,src/main/java/net/geforcemods/securitycraft/screen/CustomizeBlockScreen.java
Geforce132/SecurityCraft,src/main/java/net/geforcemods/securitycraft/blocks/TrophySystemBlock.java,src/main/java/net/geforcemods/securitycraft/blocks/SecurityCameraBlock.java
Geforce132/SecurityCraft,src/main/java/net/geforcemods/securitycraft/blocks/TrophySystemBlock.java,src/main/java/net/geforcemods/securitycraft/SCClientEventHandler.java
Geforce132/SecurityCraft,src/main/java/net/geforcemods/securitycraft/blocks/TrophySystemBlock.java,src/main/java/net/geforcemods/securitycraft/blocks/mines/IMSBlock.java
Geforce132/SecurityCraft,src/main/java/net/geforcemods/securitycraft/blocks/TrophySystemBlock.java,src/main/java/net/geforcemods/securitycraft/screen/EditModuleScreen.java
Geforce132/SecurityCraft,src/main/java/net/geforcemods/securitycraft/blocks/UsernameLoggerBlock.java,src/main/java/net/geforcemods/securitycraft/blocks/KeyPanelBlock.java
Geforce132/SecurityCraft,src/main/java/net/geforcemods/securitycraft/blocks/UsernameLoggerBlock.java,src/main/java/net/geforcemods/securitycraft/entity/Sentry.java
Geforce132/SecurityCraft,src/main/java/net/geforcemods/securitycraft/blocks/UsernameLoggerBlock.java,src/main/java/net/geforcemods/securitycraft/blockentities/BlockPocketManagerBlockEntity.java
Geforce132/SecurityCraft,src/main/java/net/geforcemods/securitycraft/blocks/UsernameLoggerBlock.java,src/main/java/net/geforcemods/securitycraft/blockentities/InventoryScannerBlockEntity.java
Geforce132/SecurityCraft,src/main/java/net/geforcemods/securitycraft/blocks/UsernameLoggerBlock.java,src/main/java/net/geforcemods/securitycraft/inventory/CustomizeBlockMenu.java
Geforce132/SecurityCraft,src/main/java/net/geforcemods/securitycraft/blocks/UsernameLoggerBlock.java,src/main/java/net/geforcemods/securitycraft/blockentities/KeypadChestBlockEntity.java
Geforce132/SecurityCraft,src/main/java/net/geforcemods/securitycraft/blocks/UsernameLoggerBlock.java,src/main/java/net/geforcemods/securitycraft/blocks/SonicSecuritySystemBlock.java
Geforce132/SecurityCraft,src/main/java/net/geforcemods/securitycraft/blocks/UsernameLoggerBlock.java,src/main/java/net/geforcemods/securitycraft/blockentities/PortableRadarBlockEntity.java
Geforce132/SecurityCraft,src/main/java/net/geforcemods/securitycraft/blockentities/KeypadBlockEntity.java,src/main/java/net/geforcemods/securitycraft/blockentities/InventoryScannerBlockEntity.java
Geforce132/SecurityCraft,src/main/java/net/geforcemods/securitycraft/blockentities/KeypadBlockEntity.java,src/main/java/net/geforcemods/securitycraft/blocks/KeyPanelBlock.java
Geforce132/SecurityCraft,src/main/java/net/geforcemods/securitycraft/blockentities/KeypadBlockEntity.java,src/main/java/net/geforcemods/securitycraft/blockentities/KeypadChestBlockEntity.java
Geforce132/SecurityCraft,src/main/java/net/geforcemods/securitycraft/blockentities/KeypadBlockEntity.java,src/main/java/net/geforcemods/securitycraft/inventory/CustomizeBlockMenu.java
Geforce132/SecurityCraft,src/main/java/net/geforcemods/securitycraft/blockentities/KeypadBlockEntity.java,src/main/java/net/geforcemods/securitycraft/blockentities/BlockPocketManagerBlockEntity.java
Geforce132/SecurityCraft,src/main/java/net/geforcemods/securitycraft/blockentities/KeypadBlockEntity.java,src/main/java/net/geforcemods/securitycraft/blocks/SonicSecuritySystemBlock.java
Geforce132/SecurityCraft,src/main/java/net/geforcemods/securitycraft/blockentities/KeypadBlockEntity.java,src/main/java/net/geforcemods/securitycraft/entity/Sentry.java
Geforce132/SecurityCraft,src/main/java/net/geforcemods/securitycraft/blockentities/KeypadBlockEntity.java,src/main/java/net/geforcemods/securitycraft/blockentities/PortableRadarBlockEntity.java
Geforce132/SecurityCraft,src/main/java/net/geforcemods/securitycraft/blockentities/KeyPanelBlockEntity.java,src/main/java/net/geforcemods/securitycraft/blocks/KeyPanelBlock.java
Geforce132/SecurityCraft,src/main/java/net/geforcemods/securitycraft/blockentities/KeyPanelBlockEntity.java,src/main/java/net/geforcemods/securitycraft/blockentities/PortableRadarBlockEntity.java
Geforce132/SecurityCraft,src/main/java/net/geforcemods/securitycraft/blockentities/KeyPanelBlockEntity.java,src/main/java/net/geforcemods/securitycraft/blockentities/BlockPocketManagerBlockEntity.java
Geforce132/SecurityCraft,src/main/java/net/geforcemods/securitycraft/blockentities/KeyPanelBlockEntity.java,src/main/java/net/geforcemods/securitycraft/blocks/SonicSecuritySystemBlock.java
Geforce132/SecurityCraft,src/main/java/net/geforcemods/securitycraft/blockentities/KeyPanelBlockEntity.java,src/main/java/net/geforcemods/securitycraft/inventory/CustomizeBlockMenu.java
Geforce132/SecurityCraft,src/main/java/net/geforcemods/securitycraft/blockentities/KeyPanelBlockEntity.java,src/main/java/net/geforcemods/securitycraft/entity/Sentry.java
Geforce132/SecurityCraft,src/main/java/net/geforcemods/securitycraft/blockentities/KeyPanelBlockEntity.java,src/main/java/net/geforcemods/securitycraft/blockentities/InventoryScannerBlockEntity.java
Geforce132/SecurityCraft,src/main/java/net/geforcemods/securitycraft/blockentities/KeyPanelBlockEntity.java,src/main/java/net/geforcemods/securitycraft/blockentities/KeypadChestBlockEntity.java
Geforce132/SecurityCraft,src/main/java/net/geforcemods/securitycraft/blockentities/KeypadDoorBlockEntity.java,src/main/java/net/geforcemods/securitycraft/blockentities/InventoryScannerBlockEntity.java
Geforce132/SecurityCraft,src/main/java/net/geforcemods/securitycraft/blockentities/KeypadDoorBlockEntity.java,src/main/java/net/geforcemods/securitycraft/blockentities/KeypadChestBlockEntity.java
Geforce132/SecurityCraft,src/main/java/net/geforcemods/securitycraft/blockentities/KeypadDoorBlockEntity.java,src/main/java/net/geforcemods/securitycraft/entity/Sentry.java
Geforce132/SecurityCraft,src/main/java/net/geforcemods/securitycraft/blockentities/KeypadDoorBlockEntity.java,src/main/java/net/geforcemods/securitycraft/inventory/CustomizeBlockMenu.java
Geforce132/SecurityCraft,src/main/java/net/geforcemods/securitycraft/blockentities/KeypadDoorBlockEntity.java,src/main/java/net/geforcemods/securitycraft/blocks/SonicSecuritySystemBlock.java
Geforce132/SecurityCraft,src/main/java/net/geforcemods/securitycraft/blockentities/KeypadDoorBlockEntity.java,src/main/java/net/geforcemods/securitycraft/blockentities/BlockPocketManagerBlockEntity.java
Geforce132/SecurityCraft,src/main/java/net/geforcemods/securitycraft/blockentities/KeypadDoorBlockEntity.java,src/main/java/net/geforcemods/securitycraft/blockentities/PortableRadarBlockEntity.java
Geforce132/SecurityCraft,src/main/java/net/geforcemods/securitycraft/blockentities/KeypadDoorBlockEntity.java,src/main/java/net/geforcemods/securitycraft/blocks/KeyPanelBlock.java
Geforce132/SecurityCraft,src/main/java/net/geforcemods/securitycraft/blockentities/UsernameLoggerBlockEntity.java,src/main/java/net/geforcemods/securitycraft/blockentities/BlockPocketManagerBlockEntity.java
Geforce132/SecurityCraft,src/main/java/net/geforcemods/securitycraft/blockentities/UsernameLoggerBlockEntity.java,src/main/java/net/geforcemods/securitycraft/blocks/KeyPanelBlock.java
Geforce132/SecurityCraft,src/main/java/net/geforcemods/securitycraft/blockentities/UsernameLoggerBlockEntity.java,src/main/java/net/geforcemods/securitycraft/entity/Sentry.java
Geforce132/SecurityCraft,src/main/java/net/geforcemods/securitycraft/blockentities/UsernameLoggerBlockEntity.java,src/main/java/net/geforcemods/securitycraft/blockentities/PortableRadarBlockEntity.java
Geforce132/SecurityCraft,src/main/java/net/geforcemods/securitycraft/blockentities/UsernameLoggerBlockEntity.java,src/main/java/net/geforcemods/securitycraft/blockentities/KeypadChestBlockEntity.java
Geforce132/SecurityCraft,src/main/java/net/geforcemods/securitycraft/blockentities/UsernameLoggerBlockEntity.java,src/main/java/net/geforcemods/securitycraft/blockentities/InventoryScannerBlockEntity.java
Geforce132/SecurityCraft,src/main/java/net/geforcemods/securitycraft/blockentities/UsernameLoggerBlockEntity.java,src/main/java/net/geforcemods/securitycraft/inventory/CustomizeBlockMenu.java
Geforce132/SecurityCraft,src/main/java/net/geforcemods/securitycraft/blockentities/UsernameLoggerBlockEntity.java,src/main/java/net/geforcemods/securitycraft/blocks/SonicSecuritySystemBlock.java
ow2-proactive/scheduling,scheduler/scheduler-server/src/main/java/org/ow2/proactive/scheduler/core/SchedulerFrontend.java,scheduler/scheduler-server/src/main/java/org/ow2/proactive/scheduler/core/db/SchedulerDBManager.java
henrichg/PhoneProfilesPlus,phoneProfilesPlus/src/main/java/sk/henrichg/phoneprofilesplus/BootUpReceiver.java,phoneProfilesPlus/src/main/java/sk/henrichg/phoneprofilesplus/EventPreferencesBluetooth.java
henrichg/PhoneProfilesPlus,phoneProfilesPlus/src/main/java/sk/henrichg/phoneprofilesplus/BootUpReceiver.java,phoneProfilesPlus/src/main/java/sk/henrichg/phoneprofilesplus/EventPreferencesSMS.java
henrichg/PhoneProfilesPlus,phoneProfilesPlus/src/main/java/sk/henrichg/phoneprofilesplus/BootUpReceiver.java,phoneProfilesPlus/src/main/java/sk/henrichg/phoneprofilesplus/SettingsContentObserver.java
henrichg/PhoneProfilesPlus,phoneProfilesPlus/src/main/java/sk/henrichg/phoneprofilesplus/BootUpReceiver.java,phoneProfilesPlus/src/main/java/sk/henrichg/phoneprofilesplus/EventPreferencesBattery.java
henrichg/PhoneProfilesPlus,phoneProfilesPlus/src/main/java/sk/henrichg/phoneprofilesplus/BootUpReceiver.java,phoneProfilesPlus/src/main/java/sk/henrichg/phoneprofilesplus/ProfilePreferencesIndicator.java
henrichg/PhoneProfilesPlus,phoneProfilesPlus/src/main/java/sk/henrichg/phoneprofilesplus/BootUpReceiver.java,phoneProfilesPlus/src/main/java/sk/henrichg/phoneprofilesplus/EditorEventListFragment.java
henrichg/PhoneProfilesPlus,phoneProfilesPlus/src/main/java/sk/henrichg/phoneprofilesplus/BootUpReceiver.java,phoneProfilesPlus/src/main/java/sk/henrichg/phoneprofilesplus/EventPreferencesWifi.java
henrichg/PhoneProfilesPlus,phoneProfilesPlus/src/main/java/sk/henrichg/phoneprofilesplus/BootUpReceiver.java,phoneProfilesPlus/src/main/java/sk/henrichg/phoneprofilesplus/EventPreferencesCalendar.java
henrichg/PhoneProfilesPlus,phoneProfilesPlus/src/main/java/sk/henrichg/phoneprofilesplus/BootUpReceiver.java,phoneProfilesPlus/src/main/java/sk/henrichg/phoneprofilesplus/ScreenOnOffBroadcastReceiver.java
henrichg/PhoneProfilesPlus,phoneProfilesPlus/src/main/java/sk/henrichg/phoneprofilesplus/BootUpReceiver.java,phoneProfilesPlus/src/main/java/sk/henrichg/phoneprofilesplus/EventPreferencesCall.java
henrichg/PhoneProfilesPlus,phoneProfilesPlus/src/main/java/sk/henrichg/phoneprofilesplus/BootUpReceiver.java,phoneProfilesPlus/src/main/java/sk/henrichg/phoneprofilesplus/ActivateProfileHelper.java
henrichg/PhoneProfilesPlus,phoneProfilesPlus/src/main/java/sk/henrichg/phoneprofilesplus/BootUpReceiver.java,phoneProfilesPlus/src/main/java/sk/henrichg/phoneprofilesplus/Event.java
henrichg/PhoneProfilesPlus,phoneProfilesPlus/src/main/java/sk/henrichg/phoneprofilesplus/BootUpReceiver.java,phoneProfilesPlus/src/main/java/sk/henrichg/phoneprofilesplus/EventPreferencesApplication.java
henrichg/PhoneProfilesPlus,phoneProfilesPlus/src/main/java/sk/henrichg/phoneprofilesplus/LocationScanner.java,phoneProfilesPlus/src/main/java/sk/henrichg/phoneprofilesplus/RunApplicationEditorIntentActivityX.java
henrichg/PhoneProfilesPlus,phoneProfilesPlus/src/main/java/sk/henrichg/phoneprofilesplus/LocationScanner.java,phoneProfilesPlus/src/main/java/sk/henrichg/phoneprofilesplus/LocationGeofenceEditorActivityOSM.java
henrichg/PhoneProfilesPlus,phoneProfilesPlus/src/main/java/sk/henrichg/phoneprofilesplus/LocationScanner.java,phoneProfilesPlus/src/main/java/sk/henrichg/phoneprofilesplus/EventPreferencesSoundProfile.java
henrichg/PhoneProfilesPlus,phoneProfilesPlus/src/main/java/sk/henrichg/phoneprofilesplus/LocationScanner.java,phoneProfilesPlus/src/main/java/sk/henrichg/phoneprofilesplus/EventPreferencesAccessories.java
henrichg/PhoneProfilesPlus,phoneProfilesPlus/src/main/java/sk/henrichg/phoneprofilesplus/SamsungEdgeProvider.java,phoneProfilesPlus/src/main/java/sk/henrichg/phoneprofilesplus/GlobalGUIRoutines.java
henrichg/PhoneProfilesPlus,phoneProfilesPlus/src/main/java/sk/henrichg/phoneprofilesplus/SamsungEdgeProvider.java,phoneProfilesPlus/src/main/java/sk/henrichg/phoneprofilesplus/PPApplication.java
henrichg/PhoneProfilesPlus,phoneProfilesPlus/src/main/java/sk/henrichg/phoneprofilesplus/EditorProfilesActivity.java,phoneProfilesPlus/src/main/java/sk/henrichg/phoneprofilesplus/Event.java
henrichg/PhoneProfilesPlus,phoneProfilesPlus/src/main/java/sk/henrichg/phoneprofilesplus/EditorProfilesActivity.java,phoneProfilesPlus/src/main/java/sk/henrichg/phoneprofilesplus/EventPreferencesSMS.java
henrichg/PhoneProfilesPlus,phoneProfilesPlus/src/main/java/sk/henrichg/phoneprofilesplus/EditorProfilesActivity.java,phoneProfilesPlus/src/main/java/sk/henrichg/phoneprofilesplus/ProfilePreferencesIndicator.java
henrichg/PhoneProfilesPlus,phoneProfilesPlus/src/main/java/sk/henrichg/phoneprofilesplus/EditorProfilesActivity.java,phoneProfilesPlus/src/main/java/sk/henrichg/phoneprofilesplus/EventPreferencesCall.java
henrichg/PhoneProfilesPlus,phoneProfilesPlus/src/main/java/sk/henrichg/phoneprofilesplus/EditorProfilesActivity.java,phoneProfilesPlus/src/main/java/sk/henrichg/phoneprofilesplus/EventPreferencesWifi.java
henrichg/PhoneProfilesPlus,phoneProfilesPlus/src/main/java/sk/henrichg/phoneprofilesplus/EditorProfilesActivity.java,phoneProfilesPlus/src/main/java/sk/henrichg/phoneprofilesplus/EventPreferencesBluetooth.java
henrichg/PhoneProfilesPlus,phoneProfilesPlus/src/main/java/sk/henrichg/phoneprofilesplus/EditorProfilesActivity.java,phoneProfilesPlus/src/main/java/sk/henrichg/phoneprofilesplus/EventPreferencesCalendar.java
henrichg/PhoneProfilesPlus,phoneProfilesPlus/src/main/java/sk/henrichg/phoneprofilesplus/EditorProfilesActivity.java,phoneProfilesPlus/src/main/java/sk/henrichg/phoneprofilesplus/EventPreferencesBattery.java
henrichg/PhoneProfilesPlus,phoneProfilesPlus/src/main/java/sk/henrichg/phoneprofilesplus/EditorProfilesActivity.java,phoneProfilesPlus/src/main/java/sk/henrichg/phoneprofilesplus/EventPreferencesApplication.java
henrichg/PhoneProfilesPlus,phoneProfilesPlus/src/main/java/sk/henrichg/phoneprofilesplus/EditorProfilesActivity.java,phoneProfilesPlus/src/main/java/sk/henrichg/phoneprofilesplus/ActivateProfileHelper.java
henrichg/PhoneProfilesPlus,phoneProfilesPlus/src/main/java/sk/henrichg/phoneprofilesplus/EditorProfilesActivity.java,phoneProfilesPlus/src/main/java/sk/henrichg/phoneprofilesplus/EditorEventListFragment.java
henrichg/PhoneProfilesPlus,phoneProfilesPlus/src/main/java/sk/henrichg/phoneprofilesplus/EditorProfilesActivity.java,phoneProfilesPlus/src/main/java/sk/henrichg/phoneprofilesplus/ScreenOnOffBroadcastReceiver.java
henrichg/PhoneProfilesPlus,phoneProfilesPlus/src/main/java/sk/henrichg/phoneprofilesplus/EditorProfilesActivity.java,phoneProfilesPlus/src/main/java/sk/henrichg/phoneprofilesplus/SettingsContentObserver.java
henrichg/PhoneProfilesPlus,phoneProfilesPlus/src/main/java/sk/henrichg/phoneprofilesplus/PackageReplacedReceiver.java,phoneProfilesPlus/src/main/java/sk/henrichg/phoneprofilesplus/EventPreferencesCalendar.java
henrichg/PhoneProfilesPlus,phoneProfilesPlus/src/main/java/sk/henrichg/phoneprofilesplus/PackageReplacedReceiver.java,phoneProfilesPlus/src/main/java/sk/henrichg/phoneprofilesplus/ProfilePreferencesIndicator.java
henrichg/PhoneProfilesPlus,phoneProfilesPlus/src/main/java/sk/henrichg/phoneprofilesplus/PackageReplacedReceiver.java,phoneProfilesPlus/src/main/java/sk/henrichg/phoneprofilesplus/SettingsContentObserver.java
henrichg/PhoneProfilesPlus,phoneProfilesPlus/src/main/java/sk/henrichg/phoneprofilesplus/PackageReplacedReceiver.java,phoneProfilesPlus/src/main/java/sk/henrichg/phoneprofilesplus/EventPreferencesWifi.java
henrichg/PhoneProfilesPlus,phoneProfilesPlus/src/main/java/sk/henrichg/phoneprofilesplus/PackageReplacedReceiver.java,phoneProfilesPlus/src/main/java/sk/henrichg/phoneprofilesplus/EventPreferencesApplication.java
henrichg/PhoneProfilesPlus,phoneProfilesPlus/src/main/java/sk/henrichg/phoneprofilesplus/PackageReplacedReceiver.java,phoneProfilesPlus/src/main/java/sk/henrichg/phoneprofilesplus/ScreenOnOffBroadcastReceiver.java
henrichg/PhoneProfilesPlus,phoneProfilesPlus/src/main/java/sk/henrichg/phoneprofilesplus/PackageReplacedReceiver.java,phoneProfilesPlus/src/main/java/sk/henrichg/phoneprofilesplus/ActivateProfileHelper.java
henrichg/PhoneProfilesPlus,phoneProfilesPlus/src/main/java/sk/henrichg/phoneprofilesplus/PackageReplacedReceiver.java,phoneProfilesPlus/src/main/java/sk/henrichg/phoneprofilesplus/EventPreferencesBluetooth.java
henrichg/PhoneProfilesPlus,phoneProfilesPlus/src/main/java/sk/henrichg/phoneprofilesplus/PackageReplacedReceiver.java,phoneProfilesPlus/src/main/java/sk/henrichg/phoneprofilesplus/Event.java
henrichg/PhoneProfilesPlus,phoneProfilesPlus/src/main/java/sk/henrichg/phoneprofilesplus/PackageReplacedReceiver.java,phoneProfilesPlus/src/main/java/sk/henrichg/phoneprofilesplus/EventPreferencesBattery.java
henrichg/PhoneProfilesPlus,phoneProfilesPlus/src/main/java/sk/henrichg/phoneprofilesplus/PackageReplacedReceiver.java,phoneProfilesPlus/src/main/java/sk/henrichg/phoneprofilesplus/EventPreferencesCall.java
henrichg/PhoneProfilesPlus,phoneProfilesPlus/src/main/java/sk/henrichg/phoneprofilesplus/PackageReplacedReceiver.java,phoneProfilesPlus/src/main/java/sk/henrichg/phoneprofilesplus/EditorEventListFragment.java
henrichg/PhoneProfilesPlus,phoneProfilesPlus/src/main/java/sk/henrichg/phoneprofilesplus/PackageReplacedReceiver.java,phoneProfilesPlus/src/main/java/sk/henrichg/phoneprofilesplus/EventPreferencesSMS.java
henrichg/PhoneProfilesPlus,phoneProfilesPlus/src/main/java/sk/henrichg/phoneprofilesplus/GenerateNotificationDialogPreferenceX.java,phoneProfilesPlus/src/main/java/sk/henrichg/phoneprofilesplus/BluetoothScanner.java
henrichg/PhoneProfilesPlus,phoneProfilesPlus/src/main/java/sk/henrichg/phoneprofilesplus/GenerateNotificationDialogPreferenceX.java,phoneProfilesPlus/src/main/java/sk/henrichg/phoneprofilesplus/WifiScanner.java
henrichg/PhoneProfilesPlus,phoneProfilesPlus/src/main/java/sk/henrichg/phoneprofilesplus/GenerateNotificationDialogPreferenceX.java,phoneProfilesPlus/src/main/java/sk/henrichg/phoneprofilesplus/MainWorker.java
henrichg/PhoneProfilesPlus,phoneProfilesPlus/src/main/java/sk/henrichg/phoneprofilesplus/IgnoreBatteryOptimizationNotification.java,phoneProfilesPlus/src/main/java/sk/henrichg/phoneprofilesplus/PPPExtenderBroadcastReceiver.java
henrichg/PhoneProfilesPlus,phoneProfilesPlus/src/main/java/sk/henrichg/phoneprofilesplus/IgnoreBatteryOptimizationNotification.java,phoneProfilesPlus/src/main/java/sk/henrichg/phoneprofilesplus/ProfilesPrefsFragment.java
henrichg/PhoneProfilesPlus,phoneProfilesPlus/src/main/java/sk/henrichg/phoneprofilesplus/IgnoreBatteryOptimizationNotification.java,phoneProfilesPlus/src/main/java/sk/henrichg/phoneprofilesplus/WifiScanWorker.java
henrichg/PhoneProfilesPlus,phoneProfilesPlus/src/main/java/sk/henrichg/phoneprofilesplus/IgnoreBatteryOptimizationNotification.java,phoneProfilesPlus/src/main/java/sk/henrichg/phoneprofilesplus/PhoneProfilesPrefsFragment.java
henrichg/PhoneProfilesPlus,phoneProfilesPlus/src/main/java/sk/henrichg/phoneprofilesplus/IgnoreBatteryOptimizationNotification.java,phoneProfilesPlus/src/main/java/sk/henrichg/phoneprofilesplus/EventsPrefsActivity.java
henrichg/PhoneProfilesPlus,phoneProfilesPlus/src/main/java/sk/henrichg/phoneprofilesplus/IgnoreBatteryOptimizationNotification.java,phoneProfilesPlus/src/main/java/sk/henrichg/phoneprofilesplus/NFCTagPreferenceFragmentX.java
henrichg/PhoneProfilesPlus,phoneProfilesPlus/src/main/java/sk/henrichg/phoneprofilesplus/IgnoreBatteryOptimizationNotification.java,phoneProfilesPlus/src/main/java/sk/henrichg/phoneprofilesplus/EventsPrefsFragment.java
henrichg/PhoneProfilesPlus,phoneProfilesPlus/src/main/java/sk/henrichg/phoneprofilesplus/IgnoreBatteryOptimizationNotification.java,phoneProfilesPlus/src/main/java/sk/henrichg/phoneprofilesplus/BluetoothScanWorker.java
henrichg/PhoneProfilesPlus,phoneProfilesPlus/src/main/java/sk/henrichg/phoneprofilesplus/IgnoreBatteryOptimizationNotification.java,phoneProfilesPlus/src/main/java/sk/henrichg/phoneprofilesplus/SearchCalendarEventsWorker.java
henrichg/PhoneProfilesPlus,phoneProfilesPlus/src/main/java/sk/henrichg/phoneprofilesplus/LocationScannerSwitchGPSBroadcastReceiver.java,phoneProfilesPlus/src/main/java/sk/henrichg/phoneprofilesplus/RunApplicationEditorIntentActivityX.java
henrichg/PhoneProfilesPlus,phoneProfilesPlus/src/main/java/sk/henrichg/phoneprofilesplus/LocationScannerSwitchGPSBroadcastReceiver.java,phoneProfilesPlus/src/main/java/sk/henrichg/phoneprofilesplus/EventPreferencesSoundProfile.java
henrichg/PhoneProfilesPlus,phoneProfilesPlus/src/main/java/sk/henrichg/phoneprofilesplus/LocationScannerSwitchGPSBroadcastReceiver.java,phoneProfilesPlus/src/main/java/sk/henrichg/phoneprofilesplus/EventPreferencesAccessories.java
henrichg/PhoneProfilesPlus,phoneProfilesPlus/src/main/java/sk/henrichg/phoneprofilesplus/LocationScannerSwitchGPSBroadcastReceiver.java,phoneProfilesPlus/src/main/java/sk/henrichg/phoneprofilesplus/LocationGeofenceEditorActivityOSM.java
henrichg/PhoneProfilesPlus,phoneProfilesPlus/src/main/java/sk/henrichg/phoneprofilesplus/GenerateNotificationDialogPreferenceFragmentX.java,phoneProfilesPlus/src/main/java/sk/henrichg/phoneprofilesplus/WifiScanner.java
henrichg/PhoneProfilesPlus,phoneProfilesPlus/src/main/java/sk/henrichg/phoneprofilesplus/GenerateNotificationDialogPreferenceFragmentX.java,phoneProfilesPlus/src/main/java/sk/henrichg/phoneprofilesplus/MainWorker.java
henrichg/PhoneProfilesPlus,phoneProfilesPlus/src/main/java/sk/henrichg/phoneprofilesplus/GenerateNotificationDialogPreferenceFragmentX.java,phoneProfilesPlus/src/main/java/sk/henrichg/phoneprofilesplus/BluetoothScanner.java
spring-projects/spring-boot,spring-boot-project/spring-boot-tools/spring-boot-maven-plugin/src/main/java/org/springframework/boot/maven/BuildImageMojo.java,spring-boot-project/spring-boot-tools/spring-boot-maven-plugin/src/main/java/org/springframework/boot/maven/AbstractPackagerMojo.java
spring-projects/spring-boot,spring-boot-project/spring-boot-actuator/src/main/java/org/springframework/boot/actuate/availability/AvailabilityStateHealthIndicator.java,spring-boot-project/spring-boot-tools/spring-boot-maven-plugin/src/main/java/org/springframework/boot/maven/AbstractPackagerMojo.java
spring-projects/spring-boot,spring-boot-project/spring-boot-tools/spring-boot-buildpack-platform/src/main/java/org/springframework/boot/buildpack/platform/build/EphemeralBuilder.java,spring-boot-project/spring-boot-tools/spring-boot-maven-plugin/src/main/java/org/springframework/boot/maven/AbstractPackagerMojo.java
spring-projects/spring-boot,spring-boot-project/spring-boot-tools/spring-boot-buildpack-platform/src/main/java/org/springframework/boot/buildpack/platform/docker/type/ImageReference.java,spring-boot-project/spring-boot-tools/spring-boot-maven-plugin/src/main/java/org/springframework/boot/maven/AbstractPackagerMojo.java
Angular2Guy/AngularAndSpring,backend/src/main/java/ch/xxx/trader/usecase/services/MyUserService.java,backend/src/main/java/ch/xxx/trader/usecase/services/BitstampService.java
Angular2Guy/AngularAndSpring,backend/src/main/java/ch/xxx/trader/usecase/services/MyUserService.java,backend/src/main/java/ch/xxx/trader/usecase/services/MyUserServiceDb.java
Angular2Guy/AngularAndSpring,backend/src/main/java/ch/xxx/trader/usecase/services/MyUserService.java,backend/src/main/java/ch/xxx/trader/adapter/config/KafkaConfig.java
Angular2Guy/AngularAndSpring,backend/src/main/java/ch/xxx/trader/usecase/services/MyUserService.java,backend/src/main/java/ch/xxx/trader/adapter/messaging/MessageProducer.java
Angular2Guy/AngularAndSpring,backend/src/main/java/ch/xxx/trader/usecase/services/MyUserService.java,backend/src/main/java/ch/xxx/trader/usecase/services/CoinbaseService.java
Angular2Guy/AngularAndSpring,backend/src/main/java/ch/xxx/trader/usecase/services/MyUserService.java,backend/src/main/java/ch/xxx/trader/usecase/common/DtoUtils.java
Angular2Guy/AngularAndSpring,backend/src/main/java/ch/xxx/trader/usecase/services/MyUserService.java,backend/src/main/java/ch/xxx/trader/domain/model/entity/QuoteCb.java
Angular2Guy/AngularAndSpring,backend/src/main/java/ch/xxx/trader/usecase/services/MyUserService.java,backend/src/main/java/ch/xxx/trader/usecase/services/MyUserServiceMessaging.java
Angular2Guy/AngularAndSpring,backend/src/main/java/ch/xxx/trader/usecase/services/MyUserService.java,backend/src/main/java/ch/xxx/trader/usecase/services/BitfinexService.java
Angular2Guy/AngularAndSpring,backend/src/main/java/ch/xxx/trader/usecase/services/MyUserService.java,backend/src/main/java/ch/xxx/trader/adapter/cron/ScheduledTask.java
Angular2Guy/AngularAndSpring,backend/src/main/java/ch/xxx/trader/usecase/services/MyUserService.java,backend/src/main/java/ch/xxx/trader/usecase/services/ItbitService.java
Angular2Guy/AngularAndSpring,backend/src/main/java/ch/xxx/trader/usecase/services/MyUserService.java,backend/src/main/java/ch/xxx/trader/adapter/messaging/MessageConsumer.java
Angular2Guy/AngularAndSpring,backend/src/main/java/ch/xxx/trader/usecase/services/MyUserService.java,backend/src/main/java/ch/xxx/trader/adapter/messaging/KafkaStreams.java
NationalSecurityAgency/ghidra,Ghidra/Features/Base/src/main/java/ghidra/app/util/bin/format/macho/MachHeader.java,Ghidra/Framework/SoftwareModeling/src/main/java/ghidra/program/database/data/DataTypeManagerDB.java
tuomount/Open-Realms-of-Stars,src/main/java/org/openRealmOfStars/mapTiles/Tiles.java,src/main/java/org/openRealmOfStars/starMap/planet/Planet.java
tuomount/Open-Realms-of-Stars,src/main/java/org/openRealmOfStars/starMap/StarMap.java,src/main/java/org/openRealmOfStars/starMap/planet/Planet.java
tuomount/Open-Realms-of-Stars,src/main/java/org/openRealmOfStars/mapTiles/TileNames.java,src/main/java/org/openRealmOfStars/starMap/planet/Planet.java
tuomount/Open-Realms-of-Stars,src/main/java/org/openRealmOfStars/game/States/CreditsView.java,src/main/java/org/openRealmOfStars/starMap/planet/Planet.java
Haehnchen/idea-php-symfony2-plugin,src/main/java/fr/adrienbrault/idea/symfony2plugin/Settings.java,src/main/java/fr/adrienbrault/idea/symfony2plugin/util/PhpElementsUtil.java
Haehnchen/idea-php-symfony2-plugin,src/main/java/fr/adrienbrault/idea/symfony2plugin/Settings.java,src/main/java/fr/adrienbrault/idea/symfony2plugin/stubs/indexes/visitor/AnnotationRouteElementWalkingVisitor.java
Haehnchen/idea-php-symfony2-plugin,src/main/java/fr/adrienbrault/idea/symfony2plugin/Settings.java,src/main/java/fr/adrienbrault/idea/symfony2plugin/config/xml/XmlHelper.java
Haehnchen/idea-php-symfony2-plugin,src/main/java/fr/adrienbrault/idea/symfony2plugin/Settings.java,src/main/java/fr/adrienbrault/idea/symfony2plugin/profiler/widget/SymfonyProfilerWidget.java
Haehnchen/idea-php-symfony2-plugin,src/main/java/fr/adrienbrault/idea/symfony2plugin/Settings.java,src/main/java/fr/adrienbrault/idea/symfony2plugin/installer/SymfonyInstallerUtil.java
Haehnchen/idea-php-symfony2-plugin,src/main/java/fr/adrienbrault/idea/symfony2plugin/Settings.java,src/main/java/fr/adrienbrault/idea/symfony2plugin/routing/RouteHelper.java
Haehnchen/idea-php-symfony2-plugin,src/main/java/fr/adrienbrault/idea/symfony2plugin/Settings.java,src/main/java/fr/adrienbrault/idea/symfony2plugin/translation/TranslationIndex.java
Haehnchen/idea-php-symfony2-plugin,src/main/java/fr/adrienbrault/idea/symfony2plugin/Settings.java,src/main/java/fr/adrienbrault/idea/symfony2plugin/installer/SymfonyInstallerProjectGenerator.java
Haehnchen/idea-php-symfony2-plugin,src/main/java/fr/adrienbrault/idea/symfony2plugin/util/IdeHelper.java,src/main/java/fr/adrienbrault/idea/symfony2plugin/stubs/indexes/visitor/AnnotationRouteElementWalkingVisitor.java
Haehnchen/idea-php-symfony2-plugin,src/main/java/fr/adrienbrault/idea/symfony2plugin/util/IdeHelper.java,src/main/java/fr/adrienbrault/idea/symfony2plugin/profiler/widget/SymfonyProfilerWidget.java
Haehnchen/idea-php-symfony2-plugin,src/main/java/fr/adrienbrault/idea/symfony2plugin/util/IdeHelper.java,src/main/java/fr/adrienbrault/idea/symfony2plugin/translation/TranslationIndex.java
Haehnchen/idea-php-symfony2-plugin,src/main/java/fr/adrienbrault/idea/symfony2plugin/util/IdeHelper.java,src/main/java/fr/adrienbrault/idea/symfony2plugin/installer/SymfonyInstallerProjectGenerator.java
Haehnchen/idea-php-symfony2-plugin,src/main/java/fr/adrienbrault/idea/symfony2plugin/util/IdeHelper.java,src/main/java/fr/adrienbrault/idea/symfony2plugin/util/PhpElementsUtil.java
Haehnchen/idea-php-symfony2-plugin,src/main/java/fr/adrienbrault/idea/symfony2plugin/util/IdeHelper.java,src/main/java/fr/adrienbrault/idea/symfony2plugin/routing/RouteHelper.java
Haehnchen/idea-php-symfony2-plugin,src/main/java/fr/adrienbrault/idea/symfony2plugin/util/IdeHelper.java,src/main/java/fr/adrienbrault/idea/symfony2plugin/installer/SymfonyInstallerUtil.java
Haehnchen/idea-php-symfony2-plugin,src/main/java/fr/adrienbrault/idea/symfony2plugin/util/IdeHelper.java,src/main/java/fr/adrienbrault/idea/symfony2plugin/config/xml/XmlHelper.java
Haehnchen/idea-php-symfony2-plugin,src/main/java/fr/adrienbrault/idea/symfony2plugin/util/dict/ServiceUtil.java,src/main/java/fr/adrienbrault/idea/symfony2plugin/stubs/indexes/visitor/AnnotationRouteElementWalkingVisitor.java
Haehnchen/idea-php-symfony2-plugin,src/main/java/fr/adrienbrault/idea/symfony2plugin/util/dict/ServiceUtil.java,src/main/java/fr/adrienbrault/idea/symfony2plugin/installer/SymfonyInstallerUtil.java
Haehnchen/idea-php-symfony2-plugin,src/main/java/fr/adrienbrault/idea/symfony2plugin/util/dict/ServiceUtil.java,src/main/java/fr/adrienbrault/idea/symfony2plugin/installer/SymfonyInstallerProjectGenerator.java
Haehnchen/idea-php-symfony2-plugin,src/main/java/fr/adrienbrault/idea/symfony2plugin/util/dict/ServiceUtil.java,src/main/java/fr/adrienbrault/idea/symfony2plugin/translation/TranslationIndex.java
Haehnchen/idea-php-symfony2-plugin,src/main/java/fr/adrienbrault/idea/symfony2plugin/util/dict/ServiceUtil.java,src/main/java/fr/adrienbrault/idea/symfony2plugin/util/PhpElementsUtil.java
Haehnchen/idea-php-symfony2-plugin,src/main/java/fr/adrienbrault/idea/symfony2plugin/util/dict/ServiceUtil.java,src/main/java/fr/adrienbrault/idea/symfony2plugin/profiler/widget/SymfonyProfilerWidget.java
Haehnchen/idea-php-symfony2-plugin,src/main/java/fr/adrienbrault/idea/symfony2plugin/util/dict/ServiceUtil.java,src/main/java/fr/adrienbrault/idea/symfony2plugin/config/xml/XmlHelper.java
Haehnchen/idea-php-symfony2-plugin,src/main/java/fr/adrienbrault/idea/symfony2plugin/util/dict/ServiceUtil.java,src/main/java/fr/adrienbrault/idea/symfony2plugin/routing/RouteHelper.java
Haehnchen/idea-php-symfony2-plugin,src/main/java/fr/adrienbrault/idea/symfony2plugin/Symfony2ProjectComponent.java,src/main/java/fr/adrienbrault/idea/symfony2plugin/installer/SymfonyInstallerProjectGenerator.java
Haehnchen/idea-php-symfony2-plugin,src/main/java/fr/adrienbrault/idea/symfony2plugin/Symfony2ProjectComponent.java,src/main/java/fr/adrienbrault/idea/symfony2plugin/stubs/indexes/visitor/AnnotationRouteElementWalkingVisitor.java
Haehnchen/idea-php-symfony2-plugin,src/main/java/fr/adrienbrault/idea/symfony2plugin/Symfony2ProjectComponent.java,src/main/java/fr/adrienbrault/idea/symfony2plugin/translation/TranslationIndex.java
Haehnchen/idea-php-symfony2-plugin,src/main/java/fr/adrienbrault/idea/symfony2plugin/Symfony2ProjectComponent.java,src/main/java/fr/adrienbrault/idea/symfony2plugin/profiler/widget/SymfonyProfilerWidget.java
Haehnchen/idea-php-symfony2-plugin,src/main/java/fr/adrienbrault/idea/symfony2plugin/Symfony2ProjectComponent.java,src/main/java/fr/adrienbrault/idea/symfony2plugin/util/PhpElementsUtil.java
Haehnchen/idea-php-symfony2-plugin,src/main/java/fr/adrienbrault/idea/symfony2plugin/Symfony2ProjectComponent.java,src/main/java/fr/adrienbrault/idea/symfony2plugin/routing/RouteHelper.java
Haehnchen/idea-php-symfony2-plugin,src/main/java/fr/adrienbrault/idea/symfony2plugin/Symfony2ProjectComponent.java,src/main/java/fr/adrienbrault/idea/symfony2plugin/config/xml/XmlHelper.java
Haehnchen/idea-php-symfony2-plugin,src/main/java/fr/adrienbrault/idea/symfony2plugin/Symfony2ProjectComponent.java,src/main/java/fr/adrienbrault/idea/symfony2plugin/installer/SymfonyInstallerUtil.java
Haehnchen/idea-php-symfony2-plugin,src/main/java/fr/adrienbrault/idea/symfony2plugin/templating/util/PhpMethodVariableResolveUtil.java,src/main/java/fr/adrienbrault/idea/symfony2plugin/installer/SymfonyInstallerProjectGenerator.java
Haehnchen/idea-php-symfony2-plugin,src/main/java/fr/adrienbrault/idea/symfony2plugin/templating/util/PhpMethodVariableResolveUtil.java,src/main/java/fr/adrienbrault/idea/symfony2plugin/util/PhpElementsUtil.java
Haehnchen/idea-php-symfony2-plugin,src/main/java/fr/adrienbrault/idea/symfony2plugin/templating/util/PhpMethodVariableResolveUtil.java,src/main/java/fr/adrienbrault/idea/symfony2plugin/routing/RouteHelper.java
Haehnchen/idea-php-symfony2-plugin,src/main/java/fr/adrienbrault/idea/symfony2plugin/templating/util/PhpMethodVariableResolveUtil.java,src/main/java/fr/adrienbrault/idea/symfony2plugin/config/xml/XmlHelper.java
Haehnchen/idea-php-symfony2-plugin,src/main/java/fr/adrienbrault/idea/symfony2plugin/templating/util/PhpMethodVariableResolveUtil.java,src/main/java/fr/adrienbrault/idea/symfony2plugin/stubs/indexes/visitor/AnnotationRouteElementWalkingVisitor.java
Haehnchen/idea-php-symfony2-plugin,src/main/java/fr/adrienbrault/idea/symfony2plugin/templating/util/PhpMethodVariableResolveUtil.java,src/main/java/fr/adrienbrault/idea/symfony2plugin/profiler/widget/SymfonyProfilerWidget.java
Haehnchen/idea-php-symfony2-plugin,src/main/java/fr/adrienbrault/idea/symfony2plugin/templating/util/PhpMethodVariableResolveUtil.java,src/main/java/fr/adrienbrault/idea/symfony2plugin/translation/TranslationIndex.java
Haehnchen/idea-php-symfony2-plugin,src/main/java/fr/adrienbrault/idea/symfony2plugin/templating/util/PhpMethodVariableResolveUtil.java,src/main/java/fr/adrienbrault/idea/symfony2plugin/installer/SymfonyInstallerUtil.java
carlos-sancho-ramirez/android-java-langbook,dbManager/src/main/java/sword/langbook3/android/db/AcceptationsChecker.java,dbSerializer/src/main/java/sword/langbook3/android/sdb/StreamedDatabaseWriter.java
carlos-sancho-ramirez/android-java-langbook,dbManager/src/main/java/sword/langbook3/android/db/LangbookDatabaseChecker2.java,app/src/main/java/sword/langbook3/android/CharacterCompositionEditorActivity.java
